{
    "rmse": 0.6692142572791464,
    "mae": 0.5268449828423608,
    "r2": 0.3218538429047856
}